,Age,Sex,Job,Housing,Saving accounts,Checking account,Credit amount,Duration,Purpose,default
0,67,male,2,own,,little,1169,6,radio/TV,0
1,22,female,2,own,little,moderate,5951,48,radio/TV,1
2,49,male,1,own,little,,2096,12,education,0
3,45,male,2,free,little,little,7882,42,furniture/equipment,0
4,53,male,2,free,little,little,4870,24,car,1
5,35,male,1,free,,,9055,36,education,0
6,53,male,2,own,quite rich,,2835,24,furniture/equipment,0
7,35,male,3,rent,little,moderate,6948,36,car,0
8,61,male,1,own,rich,,3059,12,radio/TV,0
9,28,male,3,own,little,moderate,5234,30,car,1
10,25,female,2,rent,little,moderate,1295,12,car,1
11,24,female,2,rent,little,little,4308,48,business,1
12,22,female,2,own,little,moderate,1567,12,radio/TV,0
13,60,male,1,own,little,little,1199,24,car,1
14,28,female,2,rent,little,little,1403,15,car,0
15,32,female,1,own,moderate,little,1282,24,radio/TV,1
16,53,male,2,own,,,2424,24,radio/TV,0
17,25,male,2,own,,little,8072,30,business,0
18,44,female,3,free,little,moderate,12579,24,car,1
19,31,male,2,own,quite rich,,3430,24,radio/TV,0
20,48,male,2,own,little,,2134,9,car,0
21,44,male,2,rent,quite rich,little,2647,6,radio/TV,0
22,48,male,1,rent,little,little,2241,10,car,0
23,44,male,2,own,moderate,moderate,1804,12,car,0
24,26,male,2,own,,,2069,10,furniture/equipment,0
25,36,male,1,own,little,little,1374,6,furniture/equipment,0
26,39,male,1,own,little,,426,6,radio/TV,0
27,42,female,2,rent,rich,rich,409,12,radio/TV,0
28,34,male,2,own,little,moderate,2415,7,radio/TV,0
29,63,male,2,own,little,little,6836,60,business,1
30,36,male,2,own,rich,moderate,1913,18,business,0
31,27,male,2,own,little,little,4020,24,furniture/equipment,0
32,30,male,2,own,moderate,moderate,5866,18,car,0
33,57,male,1,rent,,,1264,12,business,0
34,33,female,3,own,little,rich,1474,12,furniture/equipment,0
35,25,male,1,own,little,moderate,4746,45,radio/TV,1
36,31,male,2,free,little,,6110,48,education,0
37,37,male,2,own,little,rich,2100,18,radio/TV,1
38,37,male,2,own,little,rich,1225,10,domestic appliances,0
39,24,male,2,own,little,moderate,458,9,radio/TV,0
40,30,male,3,own,quite rich,,2333,30,radio/TV,0
41,26,male,2,own,quite rich,moderate,1158,12,radio/TV,0
42,44,male,1,own,little,moderate,6204,18,repairs,0
43,24,male,2,rent,moderate,little,6187,30,car,0
44,58,female,1,free,little,little,6143,48,car,1
45,35,female,3,own,little,,1393,11,car,0
46,39,male,2,own,quite rich,,2299,36,radio/TV,0
47,23,female,0,rent,quite rich,little,1352,6,car,0
48,39,male,1,own,little,,7228,11,car,0
49,28,female,2,own,moderate,,2073,12,radio/TV,0
50,29,male,1,own,,moderate,2333,24,furniture/equipment,0
51,30,male,3,own,little,moderate,5965,27,car,0
52,25,male,2,own,little,,1262,12,radio/TV,0
53,31,male,2,own,,,3378,18,car,0
54,57,male,2,free,little,moderate,2225,36,car,1
55,26,male,1,own,,,783,6,car,0
56,52,male,3,own,,moderate,6468,12,radio/TV,1
57,31,female,2,own,little,,9566,36,radio/TV,0
58,23,female,3,own,little,rich,1961,18,car,0
59,23,female,1,rent,little,little,6229,36,furniture/equipment,1
60,27,male,2,own,little,moderate,1391,9,business,0
61,50,male,2,own,,moderate,1537,15,radio/TV,0
62,61,male,3,free,little,moderate,1953,36,business,1
63,25,male,2,own,little,moderate,14421,48,business,1
64,26,female,2,own,little,,3181,24,radio/TV,0
65,48,male,2,own,,,5190,27,repairs,0
66,29,female,2,own,little,,2171,12,radio/TV,0
67,22,male,2,own,rich,moderate,1007,12,car,0
68,37,male,2,free,little,,1819,36,education,1
69,25,female,2,own,,,2394,36,radio/TV,0
70,30,female,2,own,little,,8133,36,car,0
71,46,male,1,rent,,,730,7,radio/TV,0
72,51,male,3,free,little,little,1164,8,vacation/others,0
73,41,female,1,own,little,moderate,5954,42,business,0
74,40,male,3,own,,little,1977,36,education,1
75,66,male,3,free,little,little,1526,12,car,0
76,34,male,2,own,little,little,3965,42,radio/TV,1
77,51,male,2,own,little,moderate,4771,11,radio/TV,0
78,39,male,1,own,,,9436,54,car,0
79,22,male,2,own,little,moderate,3832,30,furniture/equipment,0
80,44,female,2,own,,,5943,24,radio/TV,1
81,47,male,2,own,quite rich,,1213,15,radio/TV,0
82,24,female,1,rent,moderate,,1568,18,business,0
83,58,female,1,own,little,little,1755,24,vacation/others,0
84,52,male,1,own,little,little,2315,10,radio/TV,0
85,29,female,3,own,little,,1412,12,business,0
86,27,female,2,own,little,moderate,1295,18,furniture/equipment,0
87,47,male,2,free,moderate,moderate,12612,36,education,1
88,30,male,3,own,moderate,little,2249,18,car,0
89,28,male,2,own,little,little,1108,12,repairs,1
90,56,male,2,own,little,,618,12,radio/TV,0
91,54,male,2,own,little,little,1409,12,car,0
92,33,female,1,own,,,797,12,radio/TV,1
93,20,male,2,rent,,rich,3617,24,furniture/equipment,0
94,54,male,2,own,rich,moderate,1318,12,car,0
95,58,male,2,rent,little,moderate,15945,54,business,1
96,61,female,2,own,,,2012,12,education,0
97,34,male,2,own,moderate,moderate,2622,18,business,0
98,36,male,2,own,little,moderate,2337,36,radio/TV,0
99,36,male,3,rent,,moderate,7057,20,car,0
100,41,male,1,rent,moderate,,1469,24,car,0
101,24,male,2,rent,little,moderate,2323,36,radio/TV,0
102,24,female,2,own,little,,932,6,radio/TV,0
103,35,male,2,rent,little,moderate,1919,9,furniture/equipment,0
104,26,male,2,rent,,,2445,12,car,0
105,39,male,3,own,little,moderate,11938,24,vacation/others,1
106,39,male,3,own,little,,6458,18,car,1
107,32,male,2,own,little,moderate,6078,12,car,0
108,30,female,2,own,,little,7721,24,furniture/equipment,0
109,35,male,2,own,quite rich,moderate,1410,14,business,0
110,31,male,2,own,moderate,moderate,1449,6,business,0
111,23,female,2,rent,little,rich,392,15,education,0
112,28,male,1,rent,little,moderate,6260,18,car,0
113,25,female,2,own,little,,7855,36,car,1
114,35,male,2,own,quite rich,little,1680,12,radio/TV,0
115,47,male,2,own,,,3578,48,radio/TV,0
116,30,female,3,own,,little,7174,42,radio/TV,1
117,27,female,2,rent,,little,2132,10,furniture/equipment,0
118,23,female,2,own,quite rich,little,4281,33,furniture/equipment,1
119,36,male,3,own,quite rich,moderate,2366,12,car,0
120,25,female,2,own,little,little,1835,21,radio/TV,1
121,41,female,3,rent,little,,3868,24,car,0
122,24,male,1,rent,little,,1768,12,furniture/equipment,0
123,63,male,2,free,little,rich,781,10,car,0
124,27,female,2,rent,,moderate,1924,18,furniture/equipment,1
125,30,male,2,own,little,little,2121,12,car,0
126,40,male,1,own,little,little,701,12,radio/TV,0
127,30,male,2,own,little,moderate,639,12,repairs,1
128,34,male,3,own,little,moderate,1860,12,car,0
129,29,female,2,own,little,little,3499,12,car,1
130,24,female,2,own,,moderate,8487,48,car,0
131,29,male,2,own,little,little,6887,36,education,1
132,27,male,1,own,little,,2708,15,furniture/equipment,0
133,47,male,2,free,little,,1984,18,furniture/equipment,0
134,21,female,2,own,moderate,,10144,60,radio/TV,0
135,38,female,2,own,,,1240,12,radio/TV,0
136,27,male,2,own,rich,,8613,27,car,0
137,66,male,1,own,quite rich,moderate,766,12,radio/TV,1
138,35,male,2,own,,moderate,2728,15,radio/TV,0
139,44,female,1,rent,little,rich,1881,12,radio/TV,0
140,27,male,0,own,rich,rich,709,6,car,0
141,30,female,3,own,little,moderate,4795,36,radio/TV,0
142,27,male,3,own,little,little,3416,27,radio/TV,0
143,22,male,2,own,little,little,2462,18,furniture/equipment,1
144,23,female,2,own,little,,2288,21,furniture/equipment,0
145,30,male,2,own,moderate,moderate,3566,48,business,0
146,39,female,2,own,little,little,860,6,car,0
147,51,female,2,own,moderate,,682,12,car,0
148,28,male,2,own,little,little,5371,36,furniture/equipment,0
149,46,male,2,own,rich,,1582,18,radio/TV,0
150,42,male,2,free,moderate,,1346,6,radio/TV,0
151,38,male,2,own,little,,1924,10,radio/TV,0
152,24,male,2,own,little,rich,5848,36,radio/TV,0
153,29,female,2,rent,rich,moderate,7758,24,car,0
154,36,male,3,rent,moderate,moderate,6967,24,business,0
155,20,female,2,rent,little,little,1282,12,furniture/equipment,1
156,48,male,2,own,moderate,little,1288,9,repairs,0
157,45,male,1,own,little,little,339,12,education,0
158,38,male,2,own,moderate,moderate,3512,24,car,0
159,34,male,1,own,,,1898,6,radio/TV,0
160,36,male,2,own,moderate,,2872,24,radio/TV,0
161,30,female,2,own,little,,1055,18,car,0
162,36,male,2,own,quite rich,,1262,15,domestic appliances,0
163,70,male,3,free,little,moderate,7308,10,car,0
164,36,male,2,own,quite rich,,909,36,car,0
165,32,male,2,own,quite rich,,2978,6,furniture/equipment,0
166,33,female,2,own,little,little,1131,18,furniture/equipment,1
167,20,female,2,own,rich,moderate,1577,11,furniture/equipment,0
168,25,female,2,rent,little,,3972,24,furniture/equipment,0
169,31,male,2,own,little,moderate,1935,24,business,1
170,33,male,2,rent,little,little,950,15,car,1
171,26,female,2,own,little,,763,12,furniture/equipment,0
172,34,female,3,own,little,moderate,2064,24,furniture/equipment,1
173,33,male,2,own,little,moderate,1414,8,radio/TV,0
174,26,male,2,own,little,little,3414,21,education,1
175,53,female,3,own,,,7485,30,car,1
176,42,male,2,own,little,little,2577,12,furniture/equipment,0
177,52,male,2,own,quite rich,little,338,6,radio/TV,0
178,31,male,3,rent,little,,1963,12,radio/TV,0
179,65,male,2,own,little,little,571,21,car,0
180,28,male,2,own,little,,9572,36,business,1
181,30,male,3,own,little,moderate,4455,36,business,1
182,40,male,1,own,,little,1647,21,car,1
183,50,male,2,own,rich,,3777,24,furniture/equipment,0
184,36,male,2,own,little,moderate,884,18,car,1
185,31,male,2,own,little,,1360,15,radio/TV,0
186,74,female,3,free,little,moderate,5129,9,car,1
187,68,male,0,free,little,moderate,1175,16,car,0
188,20,male,2,own,moderate,little,674,12,radio/TV,1
189,33,female,2,own,little,moderate,3244,18,furniture/equipment,0
190,54,male,3,own,rich,,4591,24,business,1
191,34,male,1,free,moderate,moderate,3844,48,business,1
192,36,male,2,own,little,moderate,3915,27,business,1
193,29,male,2,rent,little,,2108,6,radio/TV,0
194,21,male,2,rent,moderate,moderate,3031,45,radio/TV,1
195,34,female,3,own,little,moderate,1501,9,education,1
196,28,female,2,own,little,,1382,6,radio/TV,0
197,27,female,2,rent,moderate,moderate,951,12,furniture/equipment,1
198,36,male,2,free,,moderate,2760,24,car,0
199,40,male,3,own,little,moderate,4297,18,furniture/equipment,1
200,52,male,2,own,quite rich,,936,9,education,0
201,27,male,1,own,little,little,1168,12,car,0
202,26,male,2,own,little,,5117,27,business,0
203,21,male,2,rent,little,little,902,12,education,1
204,38,male,1,own,little,,1495,12,car,0
205,38,male,3,free,little,little,10623,30,car,0
206,43,male,2,own,little,,1935,12,furniture/equipment,0
207,26,male,2,own,little,moderate,1424,12,domestic appliances,0
208,21,male,1,own,little,little,6568,24,business,0
209,55,male,2,own,rich,,1413,12,car,0
210,33,male,2,own,,,3074,9,radio/TV,0
211,45,female,1,own,,,3835,36,radio/TV,0
212,50,male,2,own,little,little,5293,27,business,1
213,66,male,3,own,little,rich,1908,30,business,1
214,51,male,2,own,,,3342,36,radio/TV,0
215,39,female,1,own,,moderate,932,6,education,0
216,31,male,2,own,little,little,3104,18,business,0
217,23,male,2,own,little,rich,3913,36,radio/TV,0
218,24,male,1,rent,little,little,3021,24,furniture/equipment,0
219,64,female,2,own,little,,1364,10,car,0
220,26,male,1,own,little,moderate,625,12,radio/TV,0
221,23,female,2,rent,,little,1200,12,education,0
222,30,male,2,own,little,,707,12,radio/TV,0
223,32,male,2,own,,,2978,24,business,0
224,30,male,2,own,little,,4657,15,car,0
225,27,male,2,own,little,,2613,36,repairs,0
226,27,male,2,own,rich,moderate,10961,48,radio/TV,1
227,53,male,3,free,little,little,7865,12,furniture/equipment,1
228,22,male,2,own,little,,1478,9,radio/TV,1
229,22,male,2,free,little,little,3149,24,furniture/equipment,0
230,26,male,2,own,little,rich,4210,36,radio/TV,1
231,51,male,1,free,quite rich,,2507,9,car,0
232,35,male,2,own,moderate,,2141,12,radio/TV,0
233,25,male,1,own,little,moderate,866,18,radio/TV,0
234,42,male,1,own,little,,1544,4,radio/TV,0
235,30,male,3,own,little,little,1823,24,radio/TV,1
236,23,male,0,own,,moderate,14555,6,car,1
237,61,male,1,rent,moderate,moderate,2767,21,business,1
238,35,female,2,own,little,,1291,12,radio/TV,0
239,39,male,2,own,little,little,2522,30,radio/TV,0
240,29,female,2,own,,little,915,24,car,1
241,51,male,2,own,little,,1595,6,radio/TV,0
242,24,male,2,free,little,little,4605,48,car,1
243,27,female,2,own,little,,1185,12,business,0
244,35,female,1,own,quite rich,,3447,12,education,0
245,25,male,2,own,little,,1258,24,business,0
246,52,male,2,own,little,,717,12,radio/TV,0
247,35,male,2,rent,moderate,,1204,6,car,0
248,26,male,2,own,little,rich,1925,24,furniture/equipment,0
249,22,female,2,rent,little,,433,18,radio/TV,1
250,39,female,1,own,rich,little,666,6,car,0
251,46,female,1,own,little,rich,2251,12,furniture/equipment,0
252,24,female,2,own,little,moderate,2150,30,car,1
253,35,male,2,own,moderate,,4151,24,furniture/equipment,0
254,24,male,2,own,,moderate,2030,9,furniture/equipment,0
255,27,male,1,own,,moderate,7418,60,radio/TV,0
256,35,male,1,own,little,,2684,24,radio/TV,0
257,29,male,2,free,little,little,2149,12,radio/TV,1
258,23,female,2,own,moderate,,3812,15,car,0
259,57,female,1,own,moderate,,1154,11,radio/TV,0
260,27,male,2,own,little,little,1657,12,furniture/equipment,0
261,55,female,2,own,little,little,1603,24,radio/TV,0
262,36,male,3,free,little,little,5302,18,car,0
263,57,female,1,free,little,,2748,12,education,0
264,32,male,1,own,little,,1231,10,car,0
265,37,male,2,own,little,moderate,802,15,radio/TV,1
266,36,male,2,own,,,6304,36,business,0
267,38,female,2,own,little,,1533,24,radio/TV,0
268,45,male,3,own,little,little,8978,14,car,1
269,25,male,2,own,,,999,24,radio/TV,0
270,32,male,2,own,,,2662,18,car,0
271,37,female,2,rent,quite rich,,1402,12,furniture/equipment,0
272,36,male,3,free,,moderate,12169,48,car,0
273,28,male,2,own,little,moderate,3060,48,radio/TV,1
274,34,male,1,own,little,little,11998,30,repairs,1
275,32,male,2,own,little,,2697,9,radio/TV,0
276,26,female,2,own,little,,2404,18,radio/TV,0
277,49,male,1,own,,little,1262,12,furniture/equipment,0
278,32,female,2,own,little,,4611,6,furniture/equipment,1
279,29,male,3,rent,moderate,,1901,24,radio/TV,0
280,23,male,2,rent,rich,,3368,15,car,0
281,50,male,2,own,little,,1574,12,furniture/equipment,0
282,49,male,1,own,,rich,1445,18,radio/TV,0
283,63,male,2,own,,,1520,15,furniture/equipment,0
284,37,male,2,own,moderate,moderate,3878,24,car,0
285,35,female,1,own,little,little,10722,47,car,0
286,26,male,2,own,little,little,4788,48,car,0
287,31,male,3,free,moderate,moderate,7582,48,vacation/others,0
288,49,female,2,own,little,moderate,1092,12,radio/TV,0
289,48,male,2,own,little,little,1024,24,radio/TV,1
290,26,male,2,own,little,,1076,12,business,0
291,28,male,3,rent,little,moderate,9398,36,car,1
292,44,female,3,free,little,little,6419,24,car,0
293,56,male,2,free,little,rich,4796,42,car,0
294,46,male,3,own,,,7629,48,business,0
295,26,female,2,own,little,moderate,9960,48,furniture/equipment,1
296,20,female,2,rent,,,4675,12,car,0
297,45,male,1,own,,,1287,10,car,0
298,43,male,2,own,little,,2515,18,furniture/equipment,0
299,32,male,2,own,rich,moderate,2745,21,furniture/equipment,0
300,54,female,0,own,little,,672,6,car,0
301,42,female,2,own,little,moderate,3804,36,radio/TV,1
302,37,male,1,own,,rich,1344,24,car,1
303,49,male,2,own,little,little,1038,10,car,0
304,44,male,2,free,quite rich,,10127,48,car,1
305,33,male,2,own,rich,,1543,6,furniture/equipment,0
306,24,female,1,rent,,,4811,30,car,0
307,33,male,1,own,moderate,little,727,12,radio/TV,1
308,24,female,2,own,little,moderate,1237,8,furniture/equipment,1
309,22,male,1,rent,little,moderate,276,9,car,0
310,40,male,0,free,,moderate,5381,48,vacation/others,0
311,25,male,2,own,moderate,,5511,24,furniture/equipment,0
312,26,female,2,own,little,rich,3749,24,furniture/equipment,0
313,25,male,1,own,little,moderate,685,12,car,1
314,29,male,1,own,,rich,1494,4,car,0
315,31,male,2,own,little,little,2746,36,furniture/equipment,1
316,38,male,1,own,little,little,708,12,furniture/equipment,0
317,48,female,1,own,,moderate,4351,24,furniture/equipment,0
318,32,male,2,own,little,,701,12,education,0
319,27,female,1,own,little,little,3643,15,furniture/equipment,0
320,28,male,3,own,little,moderate,4249,30,car,1
321,32,male,2,own,little,little,1938,24,radio/TV,1
322,34,male,3,free,little,little,2910,24,car,0
323,28,male,2,own,rich,little,2659,18,furniture/equipment,0
324,36,female,2,own,little,,1028,18,car,0
325,39,male,1,own,little,little,3398,8,car,0
326,49,male,2,rent,,,5801,12,furniture/equipment,0
327,34,female,2,own,rich,,1525,24,car,0
328,31,male,2,own,little,rich,4473,36,radio/TV,0
329,28,male,2,own,little,moderate,1068,6,radio/TV,0
330,75,male,3,free,little,little,6615,24,car,0
331,30,female,2,own,moderate,,1864,18,education,1
332,24,female,3,own,moderate,moderate,7408,60,car,1
333,24,female,1,rent,moderate,,11590,48,car,1
334,23,male,2,rent,little,little,4110,24,furniture/equipment,1
335,44,male,3,rent,little,little,3384,6,furniture/equipment,1
336,23,female,1,own,little,moderate,2101,13,radio/TV,0
337,24,female,2,rent,,little,1275,15,domestic appliances,1
338,28,male,2,own,little,little,4169,24,furniture/equipment,0
339,31,male,1,own,little,moderate,1521,10,furniture/equipment,0
340,24,female,2,free,little,moderate,5743,24,education,0
341,26,female,1,rent,little,little,3599,21,furniture/equipment,0
342,25,male,2,rent,quite rich,moderate,3213,18,radio/TV,0
343,33,male,3,own,little,moderate,4439,18,business,0
344,37,male,1,own,little,rich,3949,10,car,0
345,43,female,1,own,little,,1459,15,radio/TV,0
346,23,male,2,own,little,moderate,882,13,radio/TV,0
347,23,female,0,rent,quite rich,moderate,3758,24,radio/TV,0
348,34,male,1,own,moderate,,1743,6,business,0
349,32,male,2,free,rich,moderate,1136,9,education,1
350,23,female,2,rent,little,,1236,9,domestic appliances,0
351,29,female,2,own,little,moderate,959,9,furniture/equipment,1
352,38,male,3,own,,,3229,18,car,0
353,28,male,2,rent,little,little,6199,12,radio/TV,1
354,46,male,2,free,quite rich,,727,10,education,0
355,23,male,1,own,little,moderate,1246,24,car,1
356,49,male,2,own,,,2331,12,radio/TV,0
357,26,male,3,own,little,,4463,36,radio/TV,1
358,28,male,2,own,little,,776,12,radio/TV,0
359,23,female,2,rent,little,little,2406,30,furniture/equipment,1
360,61,male,2,free,,moderate,1239,18,education,0
361,37,male,3,own,,rich,3399,12,radio/TV,0
362,36,female,2,own,little,rich,2247,12,car,0
363,21,male,2,rent,little,,1766,6,furniture/equipment,0
364,25,male,0,own,little,little,2473,18,furniture/equipment,1
365,36,male,2,own,little,,1542,12,business,0
366,27,male,2,own,little,,3850,18,car,0
367,22,female,2,rent,little,little,3650,18,furniture/equipment,0
368,42,male,2,own,little,little,3446,36,furniture/equipment,1
369,40,female,2,rent,little,moderate,3001,18,furniture/equipment,0
370,36,male,2,own,,,3079,36,car,0
371,33,male,2,own,little,,6070,18,radio/TV,0
372,23,female,2,rent,little,,2146,10,furniture/equipment,0
373,63,male,3,free,,,13756,60,car,0
374,60,female,3,free,moderate,moderate,14782,60,vacation/others,1
375,37,female,2,rent,little,little,7685,48,business,1
376,34,male,2,own,little,,2320,18,radio/TV,0
377,36,male,2,free,,,846,7,radio/TV,0
378,57,male,3,free,little,moderate,14318,36,car,1
379,52,female,1,own,moderate,,362,6,car,0
380,39,male,2,own,,little,2212,20,furniture/equipment,0
381,38,female,3,free,little,moderate,12976,18,car,1
382,25,female,2,rent,,,1283,22,car,0
383,26,male,2,own,little,rich,1330,12,car,0
384,26,male,1,own,moderate,,4272,30,business,0
385,25,female,2,own,little,,2238,18,radio/TV,0
386,21,female,2,rent,,,1126,18,radio/TV,0
387,40,male,3,own,little,moderate,7374,18,furniture/equipment,0
388,27,male,2,own,quite rich,moderate,2326,15,business,0
389,27,female,2,own,little,,1449,9,business,0
390,30,male,3,own,little,,1820,18,car,0
391,19,female,1,rent,rich,moderate,983,12,furniture/equipment,0
392,39,male,3,free,little,little,3249,36,car,0
393,31,female,2,own,little,little,1957,6,radio/TV,0
394,31,male,3,own,little,,2406,9,furniture/equipment,0
395,32,male,2,rent,moderate,moderate,11760,39,education,0
396,55,female,3,free,little,little,2578,12,furniture/equipment,0
397,46,male,2,own,little,little,2348,36,furniture/equipment,0
398,46,male,2,rent,little,moderate,1223,12,car,1
399,43,female,1,own,rich,,1516,24,radio/TV,0
400,39,male,2,own,little,,1473,18,radio/TV,0
401,28,male,2,own,,moderate,1887,18,business,0
402,27,male,2,own,little,,8648,24,business,1
403,27,male,1,own,little,,802,14,car,0
404,43,male,2,own,,moderate,2899,18,car,0
405,22,male,2,own,little,moderate,2039,24,radio/TV,1
406,43,male,2,own,,,2197,24,car,0
407,27,male,2,own,little,little,1053,15,radio/TV,0
408,26,male,3,own,quite rich,,3235,24,radio/TV,0
409,28,male,2,own,quite rich,rich,939,12,car,1
410,20,female,2,own,little,moderate,1967,24,radio/TV,0
411,35,male,3,own,little,,7253,33,car,0
412,42,male,3,own,little,,2292,12,business,1
413,40,male,1,rent,quite rich,,1597,10,car,0
414,35,female,2,own,,little,1381,24,car,1
415,35,male,2,own,little,,5842,36,car,0
416,33,male,1,own,little,little,2579,12,car,1
417,23,female,2,rent,,little,8471,18,education,0
418,31,female,3,own,quite rich,,2782,21,car,0
419,33,female,2,own,,moderate,1042,18,car,1
420,20,female,2,rent,rich,,3186,15,car,0
421,30,male,2,own,,moderate,2028,12,car,0
422,47,male,1,own,little,moderate,958,12,car,0
423,34,male,3,own,moderate,,1591,21,furniture/equipment,0
424,25,female,2,own,,moderate,2762,12,furniture/equipment,1
425,21,male,2,rent,little,moderate,2779,18,car,0
426,29,male,2,own,little,,2743,28,radio/TV,0
427,46,male,2,own,rich,,1149,18,radio/TV,0
428,20,male,2,own,little,,1313,9,furniture/equipment,0
429,55,female,0,free,little,little,1190,18,repairs,1
430,74,male,1,own,little,,3448,5,business,0
431,29,male,3,own,little,moderate,11328,24,vacation/others,1
432,36,male,3,free,little,little,1872,6,furniture/equipment,0
433,33,male,2,own,little,,2058,24,repairs,0
434,25,male,2,own,little,little,2136,9,furniture/equipment,0
435,25,male,2,own,,moderate,1484,12,radio/TV,1
436,23,male,1,rent,quite rich,,660,6,repairs,0
437,37,female,2,own,rich,,1287,24,car,0
438,65,male,0,own,little,little,3394,42,repairs,0
439,26,female,0,own,little,rich,609,12,business,1
440,39,male,3,own,little,,1884,12,car,0
441,30,female,2,own,little,little,1620,12,furniture/equipment,0
442,29,male,2,own,little,moderate,2629,20,vacation/others,0
443,41,male,1,own,little,,719,12,education,1
444,30,female,3,own,little,moderate,5096,48,furniture/equipment,1
445,41,female,1,rent,,,1244,9,education,0
446,34,female,2,own,little,little,1842,36,car,1
447,35,male,2,own,little,moderate,2576,7,radio/TV,0
448,55,female,3,own,,rich,1424,12,furniture/equipment,0
449,61,male,2,own,rich,moderate,1512,15,repairs,1
450,30,male,3,own,,,11054,36,car,0
451,29,female,2,own,little,,518,6,radio/TV,0
452,34,male,2,own,little,,2759,12,furniture/equipment,0
453,35,male,3,own,little,,2670,24,car,0
454,31,male,2,own,little,little,4817,24,car,1
455,29,female,3,own,little,,2679,24,car,0
456,36,male,2,rent,little,little,3905,11,car,0
457,35,male,2,free,little,little,3386,12,car,1
458,27,female,2,own,little,little,343,6,domestic appliances,0
459,32,male,2,own,little,,4594,18,radio/TV,0
460,37,male,2,own,little,little,3620,36,furniture/equipment,0
461,36,male,2,own,little,little,1721,15,car,0
462,34,female,3,rent,little,moderate,3017,12,furniture/equipment,0
463,38,male,2,own,,moderate,754,12,education,0
464,34,male,2,own,little,,1950,18,business,0
465,63,male,2,own,little,little,2924,24,car,0
466,29,female,1,rent,little,little,1659,24,radio/TV,1
467,32,male,2,own,,,7238,48,radio/TV,0
468,26,female,2,own,little,,2764,33,business,0
469,35,male,1,own,little,,4679,24,car,0
470,22,male,2,rent,moderate,moderate,3092,24,radio/TV,1
471,23,female,2,own,little,little,448,6,education,1
472,28,male,1,own,little,little,654,9,car,1
473,36,male,3,own,,,1238,6,education,0
474,33,male,2,own,little,moderate,1245,18,radio/TV,1
475,26,female,2,rent,little,little,3114,18,furniture/equipment,1
476,24,male,2,own,quite rich,,2569,39,car,0
477,25,male,2,own,little,rich,5152,24,radio/TV,0
478,39,male,1,own,moderate,moderate,1037,12,business,0
479,44,male,2,own,little,little,1478,15,furniture/equipment,0
480,23,female,1,own,little,moderate,3573,12,radio/TV,0
481,26,male,2,own,little,moderate,1201,24,car,0
482,57,female,2,rent,rich,little,3622,30,furniture/equipment,0
483,30,female,2,own,rich,,960,15,furniture/equipment,0
484,44,male,2,own,quite rich,,1163,12,car,0
485,47,male,3,own,little,moderate,1209,6,car,1
486,52,male,2,own,little,,3077,12,radio/TV,0
487,62,female,2,free,little,,3757,24,car,0
488,35,male,1,rent,moderate,,1418,10,car,0
489,26,male,2,rent,little,,3518,6,car,0
490,26,male,2,own,little,,1934,12,radio/TV,0
491,42,female,3,free,little,moderate,8318,27,business,1
492,27,female,2,own,moderate,,1237,6,radio/TV,0
493,38,male,2,own,,moderate,368,6,radio/TV,0
494,39,male,1,rent,little,little,2122,12,car,0
495,20,male,2,own,,little,2996,24,furniture/equipment,1
496,29,male,3,rent,moderate,moderate,9034,36,furniture/equipment,1
497,40,male,2,own,little,,1585,24,furniture/equipment,0
498,32,male,1,own,little,moderate,1301,18,radio/TV,0
499,28,male,2,own,moderate,rich,1323,6,car,0
500,27,female,2,own,little,little,3123,24,car,1
501,42,male,2,free,little,little,5493,36,car,0
502,49,male,2,own,moderate,rich,1126,9,radio/TV,0
503,38,male,2,own,moderate,moderate,1216,24,radio/TV,1
504,24,female,2,rent,little,little,1207,24,car,1
505,27,male,1,own,,,1309,10,car,1
506,36,male,2,own,quite rich,rich,2360,15,car,0
507,34,male,3,own,moderate,moderate,6850,15,car,1
508,28,male,2,own,little,,1413,24,radio/TV,0
509,45,male,3,own,moderate,,8588,39,car,0
510,26,male,2,own,little,little,759,12,car,1
511,32,male,3,free,little,,4686,36,car,0
512,26,male,2,rent,little,rich,2687,15,business,0
513,20,male,2,rent,little,moderate,585,12,radio/TV,0
514,54,male,2,own,,,2255,24,car,0
515,37,female,2,own,little,little,609,6,car,0
516,40,male,1,own,little,little,1361,6,car,0
517,23,female,2,rent,little,,7127,36,furniture/equipment,1
518,43,male,2,own,moderate,little,1203,6,car,0
519,36,male,2,free,,,700,6,radio/TV,0
520,44,male,2,free,little,,5507,24,repairs,0
521,24,female,2,own,little,little,3190,18,radio/TV,1
522,53,male,2,free,little,little,7119,48,furniture/equipment,1
523,23,female,2,own,moderate,,3488,24,car,0
524,26,female,1,own,little,moderate,1113,18,radio/TV,0
525,30,male,2,own,little,moderate,7966,26,car,0
526,31,female,2,own,moderate,,1532,15,education,0
527,42,male,1,own,little,,1503,4,radio/TV,0
528,31,male,2,rent,little,little,2302,36,radio/TV,1
529,41,male,1,own,little,little,662,6,car,0
530,32,male,2,own,little,moderate,2273,36,education,0
531,28,female,2,rent,moderate,moderate,2631,15,car,1
532,41,male,2,rent,little,,1503,12,car,0
533,26,male,2,own,moderate,,1311,24,radio/TV,0
534,25,male,2,own,,,3105,24,radio/TV,0
535,33,male,2,rent,little,rich,2319,21,education,1
536,75,female,3,own,,little,1374,6,car,0
537,37,female,2,own,little,moderate,3612,18,furniture/equipment,0
538,42,male,3,free,little,little,7763,48,car,1
539,45,female,1,own,little,rich,3049,18,furniture/equipment,0
540,23,male,2,rent,little,moderate,1534,12,radio/TV,1
541,60,male,2,free,little,,2032,24,car,0
542,31,male,2,own,,little,6350,30,furniture/equipment,1
543,34,male,1,own,little,rich,2864,18,furniture/equipment,1
544,61,male,1,own,little,,1255,12,car,0
545,43,male,2,free,little,little,1333,24,car,1
546,37,female,2,own,little,,2022,24,car,0
547,32,male,2,own,little,,1552,24,radio/TV,0
548,24,female,1,own,little,little,626,12,radio/TV,1
549,35,male,2,free,,,8858,48,car,0
550,23,female,2,own,,,996,12,repairs,0
551,45,male,1,own,quite rich,,1750,6,radio/TV,0
552,34,male,2,own,little,little,6999,48,radio/TV,1
553,27,male,2,own,moderate,moderate,1995,12,car,0
554,67,female,3,own,little,moderate,1199,9,education,0
555,22,male,2,own,little,moderate,1331,12,radio/TV,1
556,28,female,2,own,moderate,moderate,2278,18,car,1
557,29,female,2,own,,,5003,21,car,1
558,27,male,2,own,little,little,3552,24,furniture/equipment,1
559,31,male,1,own,little,moderate,1928,18,furniture/equipment,1
560,49,male,2,free,,little,2964,24,car,0
561,24,male,1,rent,little,little,1546,24,radio/TV,1
562,29,female,2,own,little,rich,683,6,radio/TV,0
563,37,male,2,free,,moderate,12389,36,car,1
564,37,male,3,own,,moderate,4712,24,business,0
565,23,female,2,rent,moderate,moderate,1553,24,radio/TV,0
566,36,male,2,own,little,little,1372,12,car,1
567,34,male,2,own,rich,,2578,24,radio/TV,0
568,41,male,2,own,,moderate,3979,48,radio/TV,0
569,31,female,2,own,little,little,6758,48,radio/TV,1
570,23,female,1,rent,little,little,3234,24,furniture/equipment,1
571,38,male,2,own,little,,5954,30,radio/TV,0
572,26,female,3,rent,,,5433,24,car,0
573,22,female,1,own,little,little,806,15,business,0
574,27,male,1,own,little,moderate,1082,9,radio/TV,0
575,24,female,2,own,little,,2788,15,furniture/equipment,0
576,27,female,2,own,little,moderate,2930,12,radio/TV,0
577,33,female,2,own,,,1927,24,education,0
578,27,male,2,own,little,moderate,2820,36,car,1
579,27,male,1,own,little,,937,24,education,0
580,30,male,2,own,little,moderate,1056,18,car,1
581,49,male,1,own,little,moderate,3124,12,car,0
582,26,female,2,rent,little,,1388,9,furniture/equipment,0
583,33,male,1,rent,little,moderate,2384,36,repairs,1
584,52,female,3,free,,,2133,12,car,0
585,20,female,2,rent,little,little,2039,18,furniture/equipment,1
586,36,male,2,rent,little,little,2799,9,car,0
587,21,male,1,own,little,little,1289,12,furniture/equipment,0
588,47,male,1,own,little,little,1217,18,domestic appliances,1
589,60,male,2,own,little,little,2246,12,furniture/equipment,1
590,58,female,1,own,little,little,385,12,radio/TV,0
591,42,female,2,rent,,moderate,1965,24,car,0
592,36,female,1,own,rich,,1572,21,business,0
593,20,female,1,rent,little,moderate,2718,24,car,1
594,40,male,3,own,,little,1358,24,vacation/others,1
595,32,female,1,own,moderate,moderate,931,6,car,1
596,23,female,2,rent,little,little,1442,24,car,1
597,36,male,1,own,little,moderate,4241,24,business,1
598,31,male,2,own,little,,2775,18,car,1
599,32,male,2,free,little,,3863,24,business,0
600,45,female,2,own,little,moderate,2329,7,radio/TV,0
601,30,female,2,own,little,moderate,918,9,furniture/equipment,1
602,34,female,1,free,little,moderate,1837,24,education,1
603,28,female,3,own,little,,3349,36,furniture/equipment,1
604,23,female,2,own,little,rich,1275,10,furniture/equipment,0
605,22,male,2,own,quite rich,little,2828,24,furniture/equipment,0
606,74,male,3,own,little,,4526,24,business,0
607,50,female,2,free,moderate,moderate,2671,36,radio/TV,1
608,33,male,2,own,little,,2051,18,radio/TV,0
609,45,male,2,free,,,1300,15,car,0
610,22,female,2,own,moderate,little,741,12,domestic appliances,1
611,48,female,1,free,moderate,rich,1240,10,car,1
612,29,female,2,own,rich,little,3357,21,radio/TV,0
613,22,female,2,rent,little,little,3632,24,car,0
614,22,female,2,own,little,,1808,18,furniture/equipment,1
615,48,male,3,own,,moderate,12204,48,business,0
616,27,male,3,free,,moderate,9157,60,radio/TV,0
617,37,male,2,rent,little,little,3676,6,car,0
618,21,female,2,rent,moderate,moderate,3441,30,furniture/equipment,1
619,49,male,1,own,little,,640,12,car,0
620,27,male,2,own,little,moderate,3652,21,business,0
621,32,male,2,own,little,,1530,18,car,1
622,38,male,2,own,,,3914,48,business,1
623,22,female,2,rent,little,little,1858,12,furniture/equipment,0
624,65,male,2,free,little,little,2600,18,radio/TV,1
625,35,male,2,own,,,1979,15,radio/TV,0
626,41,male,2,own,little,rich,2116,6,furniture/equipment,0
627,29,male,2,own,moderate,moderate,1437,9,car,1
628,36,male,2,own,quite rich,,4042,42,furniture/equipment,0
629,64,male,1,own,,,3832,9,education,0
630,28,female,2,own,little,little,3660,24,radio/TV,0
631,44,male,2,own,little,little,1553,18,furniture/equipment,1
632,23,male,2,own,,moderate,1444,15,radio/TV,0
633,19,female,2,rent,little,,1980,9,furniture/equipment,1
634,25,female,1,own,little,moderate,1355,24,car,1
635,47,male,2,own,little,,1393,12,education,0
636,28,female,2,own,quite rich,,1376,24,radio/TV,0
637,21,male,2,own,little,,15653,60,radio/TV,0
638,34,female,2,own,little,,1493,12,radio/TV,0
639,26,male,2,own,little,little,4370,42,radio/TV,1
640,27,female,0,own,little,little,750,18,education,1
641,38,male,1,own,little,moderate,1308,15,repairs,0
642,40,male,3,own,moderate,,4623,15,education,1
643,33,male,2,own,little,,1851,24,radio/TV,0
644,32,male,3,own,little,little,1880,18,radio/TV,0
645,27,male,2,rent,,,7980,36,business,1
646,32,male,2,own,little,little,4583,30,furniture/equipment,0
647,26,female,2,own,quite rich,,1386,12,car,1
648,38,male,2,free,little,rich,947,24,car,1
649,40,male,1,rent,little,little,684,12,education,1
650,50,male,3,free,little,little,7476,48,education,0
651,37,male,1,own,little,moderate,1922,12,furniture/equipment,1
652,45,male,2,own,little,little,2303,24,car,1
653,42,male,3,own,moderate,moderate,8086,36,car,1
654,35,male,2,own,little,,2346,24,car,0
655,22,male,2,free,little,little,3973,14,car,0
656,41,male,1,own,little,moderate,888,12,car,1
657,37,male,2,own,,,10222,48,radio/TV,0
658,28,female,2,own,little,moderate,4221,30,business,0
659,41,male,2,own,little,moderate,6361,18,furniture/equipment,0
660,23,male,2,rent,little,rich,1297,12,radio/TV,0
661,23,male,2,own,,little,900,12,car,1
662,50,male,2,own,little,,2241,21,furniture/equipment,0
663,35,male,3,own,little,moderate,1050,6,furniture/equipment,0
664,50,female,1,own,little,rich,1047,6,education,0
665,27,male,3,own,little,,6314,24,vacation/others,0
666,34,male,2,own,rich,moderate,3496,30,furniture/equipment,0
667,27,female,2,own,little,,3609,48,business,0
668,43,male,2,rent,little,little,4843,12,car,1
669,47,male,2,own,little,rich,3017,30,radio/TV,0
670,27,male,1,own,moderate,,4139,24,business,0
671,31,male,2,own,moderate,,5742,36,business,0
672,42,male,3,own,little,,10366,60,car,0
673,24,male,2,own,quite rich,,2080,6,car,0
674,41,male,1,own,quite rich,,2580,21,business,1
675,26,female,3,rent,little,,4530,30,radio/TV,0
676,33,male,2,own,little,,5150,24,furniture/equipment,0
677,24,male,2,own,moderate,moderate,5595,72,radio/TV,1
678,64,male,1,rent,little,little,2384,24,radio/TV,0
679,26,female,2,own,little,,1453,18,radio/TV,0
680,56,female,2,own,little,,1538,6,education,0
681,37,male,2,free,,,2279,12,radio/TV,0
682,33,male,2,own,little,,1478,15,radio/TV,0
683,47,male,2,free,little,,5103,24,radio/TV,0
684,31,male,1,own,moderate,moderate,9857,36,business,0
685,34,male,2,free,,,6527,60,car,0
686,27,male,2,own,,rich,1347,10,radio/TV,0
687,30,male,2,free,moderate,moderate,2862,36,car,0
688,35,male,2,own,moderate,,2753,9,radio/TV,0
689,31,male,2,own,rich,little,3651,12,car,0
690,25,male,2,own,little,little,975,15,furniture/equipment,0
691,25,female,1,own,moderate,moderate,2631,15,repairs,0
692,29,male,2,own,moderate,moderate,2896,24,radio/TV,0
693,44,male,1,own,,little,4716,6,car,0
694,28,male,2,own,little,,2284,24,radio/TV,0
695,50,male,2,rent,quite rich,,1236,6,car,0
696,29,male,2,own,little,moderate,1103,12,radio/TV,0
697,38,female,0,own,little,,926,12,car,0
698,24,male,2,own,little,,1800,18,radio/TV,0
699,40,male,3,rent,little,rich,1905,15,education,0
700,29,female,1,rent,quite rich,,1123,12,furniture/equipment,1
701,46,male,2,free,little,little,6331,48,car,1
702,47,female,2,free,moderate,rich,1377,24,radio/TV,0
703,41,male,2,own,moderate,moderate,2503,30,business,0
704,32,female,2,own,little,moderate,2528,27,business,0
705,35,female,2,free,quite rich,,5324,15,car,0
706,24,male,2,own,moderate,moderate,6560,48,car,1
707,25,female,2,rent,little,moderate,2969,12,furniture/equipment,1
708,25,female,2,own,little,moderate,1206,9,radio/TV,0
709,37,male,1,own,little,moderate,2118,9,radio/TV,0
710,32,male,3,own,quite rich,,629,18,radio/TV,0
711,35,female,2,free,little,little,1198,6,education,1
712,46,male,3,own,,,2476,21,car,0
713,25,male,1,own,little,little,1138,9,radio/TV,0
714,27,male,3,own,little,moderate,14027,60,car,1
715,63,male,2,own,,,7596,30,car,0
716,40,male,2,own,,,3077,30,radio/TV,0
717,32,male,3,free,little,,1505,18,radio/TV,0
718,31,male,2,own,,rich,3148,24,radio/TV,0
719,31,male,2,own,moderate,moderate,6148,20,car,0
720,34,male,3,own,little,rich,1337,9,radio/TV,1
721,24,female,2,rent,rich,moderate,433,6,education,1
722,24,female,1,own,little,little,1228,12,car,1
723,66,female,1,own,quite rich,moderate,790,9,radio/TV,0
724,21,female,2,rent,little,,2570,27,car,1
725,41,female,1,own,rich,,250,6,car,0
726,47,male,1,own,quite rich,,1316,15,radio/TV,0
727,25,female,2,rent,little,little,1882,18,radio/TV,1
728,59,female,2,rent,little,moderate,6416,48,business,1
729,36,male,2,own,rich,rich,1275,24,business,0
730,33,male,2,own,little,moderate,6403,24,radio/TV,0
731,21,male,1,rent,little,little,1987,24,radio/TV,1
732,44,female,1,own,little,moderate,760,8,radio/TV,0
733,28,female,2,rent,rich,,2603,24,car,0
734,37,female,2,own,little,,3380,4,car,0
735,29,female,0,own,,moderate,3990,36,domestic appliances,0
736,23,female,3,rent,little,moderate,11560,24,car,1
737,35,male,1,own,moderate,little,4380,18,car,0
738,45,male,3,own,little,,6761,6,car,0
739,26,female,1,rent,moderate,moderate,4280,30,business,1
740,32,male,2,own,moderate,little,2325,24,car,0
741,23,male,1,own,little,moderate,1048,10,radio/TV,0
742,41,male,2,own,,,3160,21,radio/TV,0
743,22,male,2,own,quite rich,little,2483,24,furniture/equipment,0
744,30,male,3,own,,little,14179,39,furniture/equipment,0
745,28,male,1,own,little,little,1797,13,business,0
746,23,female,2,rent,little,little,2511,15,car,0
747,37,female,1,own,little,little,1274,12,car,1
748,26,male,2,own,,,5248,21,car,0
749,33,male,2,own,little,,3029,15,car,0
750,49,female,2,own,little,little,428,6,furniture/equipment,0
751,23,female,1,own,little,little,976,18,car,1
752,23,female,1,rent,moderate,moderate,841,12,business,0
753,25,female,2,own,little,,5771,30,radio/TV,0
754,55,male,2,free,rich,,1555,12,repairs,1
755,32,female,2,rent,,little,1285,24,car,1
756,74,male,0,own,little,rich,1299,6,car,0
757,39,male,2,free,,rich,1271,15,radio/TV,1
758,31,male,2,own,little,,1393,24,car,0
759,35,male,2,own,little,little,691,12,car,1
760,59,female,2,own,,,5045,15,car,0
761,24,female,2,rent,little,little,2124,18,furniture/equipment,1
762,24,male,1,own,little,little,2214,12,radio/TV,0
763,30,male,3,free,,,12680,21,car,1
764,27,male,2,own,moderate,,2463,24,car,0
765,40,male,1,own,little,moderate,1155,12,radio/TV,0
766,31,male,1,own,little,little,3108,30,furniture/equipment,1
767,31,female,2,rent,,,2901,10,car,0
768,28,male,2,rent,little,moderate,3617,12,furniture/equipment,0
769,63,male,1,own,little,,1655,12,radio/TV,0
770,26,female,2,rent,,little,2812,24,car,0
771,25,female,3,own,little,little,8065,36,education,1
772,36,male,3,own,little,,3275,21,car,0
773,52,male,2,own,moderate,,2223,24,radio/TV,0
774,66,male,0,free,quite rich,rich,1480,12,car,0
775,25,female,2,rent,,little,1371,24,car,1
776,37,male,2,own,little,,3535,36,car,0
777,25,female,2,own,little,little,3509,18,radio/TV,0
778,38,male,3,own,rich,,5711,36,car,0
779,67,female,2,own,little,moderate,3872,18,repairs,0
780,25,male,2,own,little,moderate,4933,39,radio/TV,1
781,60,male,2,own,rich,,1940,24,car,0
782,31,male,1,own,little,moderate,1410,12,education,0
783,23,female,1,own,moderate,moderate,836,12,car,1
784,60,male,3,own,,moderate,6468,20,car,0
785,35,male,1,own,rich,moderate,1941,18,business,0
786,40,male,2,own,quite rich,,2675,22,radio/TV,0
787,38,male,2,own,,,2751,48,car,0
788,50,male,2,free,little,moderate,6224,48,education,1
789,27,male,2,own,little,little,5998,40,education,1
790,39,female,2,own,little,moderate,1188,21,business,1
791,41,male,3,own,,,6313,24,car,0
792,27,male,2,own,,,1221,6,furniture/equipment,0
793,51,male,2,free,little,rich,2892,24,furniture/equipment,0
794,32,male,2,rent,quite rich,,3062,24,furniture/equipment,0
795,22,female,2,rent,moderate,,2301,9,furniture/equipment,0
796,51,male,2,free,,little,7511,18,car,1
797,22,female,1,rent,little,,1258,12,furniture/equipment,0
798,54,male,2,own,,,717,24,car,0
799,35,male,0,own,,moderate,1549,9,car,0
800,54,male,2,free,little,,1597,24,education,0
801,48,female,1,rent,little,moderate,1795,18,radio/TV,0
802,24,female,2,own,little,little,4272,20,furniture/equipment,0
803,35,male,2,own,,,976,12,radio/TV,0
804,24,female,0,rent,,moderate,7472,12,car,0
805,24,male,2,own,little,little,9271,36,car,1
806,26,male,1,own,little,moderate,590,6,radio/TV,0
807,65,male,2,own,,,930,12,radio/TV,0
808,55,male,3,free,little,moderate,9283,42,car,0
809,26,female,0,rent,little,moderate,1778,15,car,1
810,26,male,2,own,little,moderate,907,8,business,0
811,28,male,1,own,little,moderate,484,6,radio/TV,0
812,24,male,2,own,little,little,9629,36,car,1
813,54,male,2,own,little,little,3051,48,domestic appliances,1
814,46,male,2,free,little,little,3931,48,car,1
815,54,female,2,rent,little,moderate,7432,36,car,0
816,62,male,2,own,quite rich,,1338,6,domestic appliances,0
817,24,female,2,rent,little,,1554,6,radio/TV,0
818,43,male,3,own,little,little,15857,36,vacation/others,0
819,26,male,2,own,little,little,1345,18,radio/TV,1
820,27,male,2,own,little,,1101,12,car,0
821,24,male,2,own,little,rich,3016,12,radio/TV,0
822,41,male,2,own,little,little,2712,36,furniture/equipment,1
823,47,male,1,own,little,little,731,8,car,0
824,35,male,3,own,little,,3780,18,furniture/equipment,0
825,30,male,2,own,little,little,1602,21,car,0
826,33,female,2,rent,little,little,3966,18,car,1
827,36,male,2,own,little,,4165,18,business,1
828,47,male,2,free,,little,8335,36,car,1
829,38,male,2,free,,moderate,6681,48,business,0
830,44,male,2,own,quite rich,,2375,24,business,0
831,23,female,2,rent,little,little,1216,18,car,1
832,29,male,2,rent,little,little,11816,45,business,1
833,42,female,2,own,,moderate,5084,24,radio/TV,0
834,25,female,1,own,little,rich,2327,15,radio/TV,1
835,48,male,2,own,little,little,1082,12,car,1
836,21,female,2,own,,,886,12,radio/TV,0
837,23,female,1,rent,little,,601,4,furniture/equipment,0
838,63,male,2,own,little,little,2957,24,car,0
839,46,male,2,own,little,,2611,24,radio/TV,0
840,29,male,2,own,little,little,5179,36,furniture/equipment,1
841,28,male,1,own,little,,2993,21,car,0
842,23,female,2,own,little,,1943,18,repairs,1
843,50,male,2,own,little,,1559,24,business,0
844,47,male,2,own,little,,3422,18,furniture/equipment,0
845,35,male,2,own,,moderate,3976,21,furniture/equipment,0
846,68,male,2,rent,,,6761,18,car,1
847,28,male,2,own,little,,1249,24,car,0
848,59,male,2,own,little,little,1364,9,radio/TV,0
849,57,male,1,own,little,little,709,12,radio/TV,1
850,33,male,2,rent,little,little,2235,20,car,1
851,43,male,2,own,,,4042,24,car,0
852,35,male,2,free,little,,1471,15,radio/TV,0
853,32,male,1,free,little,little,1442,18,car,1
854,45,male,2,own,little,,10875,36,car,0
855,33,male,2,own,moderate,,1474,24,car,0
856,40,female,2,own,,,894,10,education,0
857,28,male,2,free,little,,3343,15,furniture/equipment,0
858,29,female,2,own,little,little,3959,15,car,1
859,26,male,2,rent,moderate,,3577,9,car,0
860,27,male,2,own,rich,,5804,24,car,0
861,28,male,2,own,little,,2169,18,business,1
862,35,female,2,own,little,little,2439,24,radio/TV,1
863,32,male,1,own,rich,,4526,27,furniture/equipment,0
864,25,male,1,rent,little,,2210,10,furniture/equipment,1
865,20,female,2,rent,quite rich,,2221,15,furniture/equipment,0
866,27,female,2,own,little,little,2389,18,radio/TV,0
867,42,male,2,own,little,,3331,12,furniture/equipment,0
868,37,male,2,own,,,7409,36,business,0
869,24,female,2,rent,little,little,652,12,furniture/equipment,0
870,40,female,2,own,quite rich,,7678,36,furniture/equipment,0
871,46,male,2,own,little,rich,1343,6,car,0
872,26,male,2,own,moderate,little,1382,24,business,0
873,24,female,2,own,,,874,15,domestic appliances,0
874,29,male,1,own,little,little,3590,12,furniture/equipment,0
875,40,female,2,own,rich,moderate,1322,11,car,0
876,36,male,3,free,little,little,1940,18,radio/TV,0
877,28,male,2,own,little,,3595,36,radio/TV,0
878,27,male,3,free,little,little,1422,9,car,1
879,36,male,2,own,,,6742,30,radio/TV,0
880,38,male,3,own,little,,7814,24,car,0
881,48,male,2,free,,,9277,24,car,0
882,36,male,2,own,,moderate,2181,30,car,0
883,65,female,0,own,little,,1098,18,radio/TV,0
884,43,male,2,own,little,moderate,4057,24,furniture/equipment,1
885,53,female,2,own,little,little,795,12,education,1
886,34,male,2,own,,moderate,2825,24,business,0
887,23,male,2,own,little,moderate,15672,48,business,1
888,34,male,3,own,little,,6614,36,car,0
889,40,male,2,rent,,,7824,28,car,0
890,43,male,3,own,little,little,2442,27,business,0
891,46,male,2,own,little,,1829,15,radio/TV,0
892,38,male,1,own,little,little,2171,12,car,0
893,34,male,2,own,little,moderate,5800,36,car,0
894,29,male,2,own,,,1169,18,radio/TV,0
895,31,male,3,own,,,8947,36,car,0
896,28,female,3,rent,little,little,2606,21,radio/TV,0
897,35,female,2,own,rich,,1592,12,furniture/equipment,0
898,33,female,1,rent,,,2186,15,furniture/equipment,0
899,42,male,2,own,little,little,4153,18,furniture/equipment,1
900,43,male,2,rent,little,little,2625,16,car,1
901,44,male,2,own,,,3485,20,car,0
902,42,male,2,free,,,10477,36,car,0
903,40,male,2,rent,,,1386,15,radio/TV,0
904,36,male,3,own,little,,1278,24,radio/TV,0
905,20,male,3,rent,little,little,1107,12,radio/TV,0
906,24,male,1,own,,little,3763,21,car,0
907,27,male,2,own,,moderate,3711,36,education,0
908,46,female,1,own,little,,3594,15,car,0
909,33,female,1,own,,moderate,3195,9,car,0
910,34,female,2,own,little,,4454,36,radio/TV,0
911,25,female,1,own,little,moderate,4736,24,furniture/equipment,1
912,25,female,2,own,,moderate,2991,30,radio/TV,0
913,28,male,2,own,rich,,2142,11,business,0
914,31,male,2,rent,little,little,3161,24,business,1
915,32,female,3,own,little,moderate,18424,48,vacation/others,1
916,32,male,2,own,moderate,,2848,10,car,0
917,68,male,3,own,little,little,14896,6,car,1
918,33,male,2,own,moderate,little,2359,24,furniture/equipment,1
919,39,male,3,rent,little,little,3345,24,furniture/equipment,1
920,28,female,2,own,little,,1817,18,furniture/equipment,0
921,37,male,3,own,quite rich,,12749,48,radio/TV,0
922,22,female,2,rent,little,little,1366,9,radio/TV,1
923,30,male,2,rent,little,moderate,2002,12,car,0
924,55,male,2,own,little,little,6872,24,furniture/equipment,1
925,46,male,2,own,little,little,697,12,car,1
926,21,female,2,rent,little,little,1049,18,furniture/equipment,0
927,39,male,2,free,little,little,10297,48,car,1
928,58,male,2,own,,,1867,30,radio/TV,0
929,43,male,1,own,little,little,1344,12,car,0
930,24,male,1,own,little,little,1747,24,furniture/equipment,0
931,22,female,2,own,little,moderate,1670,9,radio/TV,1
932,30,male,2,own,little,,1224,9,car,0
933,42,male,2,own,quite rich,,522,12,radio/TV,0
934,23,female,2,own,little,little,1498,12,radio/TV,0
935,30,male,3,own,moderate,moderate,1919,30,radio/TV,1
936,28,female,1,own,little,rich,745,9,radio/TV,1
937,30,male,3,rent,little,moderate,2063,6,radio/TV,0
938,42,male,2,free,little,moderate,6288,60,education,1
939,46,male,3,own,,,6842,24,car,0
940,45,male,3,own,,,3527,12,car,0
941,31,male,1,own,little,,1546,10,car,0
942,31,male,2,own,,,929,24,furniture/equipment,0
943,42,male,1,own,little,,1455,4,car,0
944,46,female,2,rent,little,little,1845,15,furniture/equipment,0
945,30,female,2,own,quite rich,moderate,8358,48,car,0
946,30,male,2,free,quite rich,little,3349,24,furniture/equipment,1
947,38,male,3,own,,,2859,12,car,0
948,43,male,1,own,little,,1533,18,furniture/equipment,1
949,31,male,2,own,moderate,,3621,24,radio/TV,1
950,40,male,0,own,little,moderate,3590,18,business,0
951,24,male,2,own,little,little,2145,36,business,1
952,28,female,2,rent,quite rich,moderate,4113,24,car,1
953,26,female,3,own,little,,10974,36,furniture/equipment,1
954,29,female,2,own,little,little,1893,12,car,0
955,57,female,3,rent,rich,little,1231,24,radio/TV,0
956,49,male,1,own,,rich,3656,30,radio/TV,0
957,37,male,1,own,little,moderate,1154,9,radio/TV,0
958,45,male,1,own,little,little,4006,28,car,1
959,30,male,2,free,moderate,moderate,3069,24,furniture/equipment,0
960,30,male,2,rent,little,,1740,6,radio/TV,0
961,47,male,2,own,little,moderate,2353,21,car,0
962,29,male,2,own,,,3556,15,car,0
963,35,male,2,own,quite rich,,2397,24,radio/TV,1
964,22,male,1,own,little,moderate,454,6,repairs,0
965,26,female,2,own,,moderate,1715,30,radio/TV,0
966,23,male,1,own,quite rich,moderate,2520,27,radio/TV,1
967,54,female,3,rent,little,,3568,15,radio/TV,0
968,29,male,2,rent,,,7166,42,radio/TV,0
969,40,male,1,own,little,little,3939,11,car,0
970,22,male,2,own,moderate,moderate,1514,15,repairs,0
971,43,male,1,own,little,,7393,24,car,0
972,29,female,0,rent,little,little,1193,24,car,1
973,36,male,2,rent,little,little,7297,60,business,1
974,33,female,2,own,little,,2831,30,radio/TV,0
975,57,female,1,own,quite rich,rich,1258,24,radio/TV,0
976,64,female,2,own,little,moderate,753,6,radio/TV,0
977,42,male,2,own,,moderate,2427,18,business,0
978,47,male,1,own,little,,2538,24,car,1
979,25,male,2,rent,moderate,moderate,1264,15,car,1
980,49,male,2,own,little,moderate,8386,30,furniture/equipment,1
981,33,male,3,rent,little,,4844,48,business,1
982,28,female,3,own,moderate,rich,2923,21,car,0
983,26,male,2,own,little,little,8229,36,car,1
984,30,male,1,own,little,,2028,24,furniture/equipment,0
985,25,female,2,rent,little,little,1433,15,furniture/equipment,0
986,33,male,2,own,little,rich,6289,42,business,0
987,64,female,2,own,moderate,,1409,13,radio/TV,0
988,29,male,3,free,little,little,6579,24,car,0
989,48,male,1,own,little,moderate,1743,24,radio/TV,0
990,37,male,1,own,,,3565,12,education,0
991,34,male,1,own,moderate,,1569,15,radio/TV,0
992,23,male,1,rent,,little,1936,18,radio/TV,0
993,30,male,3,own,little,little,3959,36,furniture/equipment,0
994,50,male,2,own,,,2390,12,car,0
995,31,female,1,own,little,,1736,12,furniture/equipment,0
996,40,male,3,own,little,little,3857,30,car,0
997,38,male,2,own,little,,804,12,radio/TV,0
998,23,male,2,free,little,little,1845,45,radio/TV,1
999,27,male,2,own,moderate,moderate,4576,45,car,0